Ticker	Market Cap	Dividend	ROA	ROE	ROIC	Curr R	Quick R	LTDebt/Eq	Debt/Eq	Gross M	Oper M	Profit M	Earnings	Price	Change	Volume	Company	Sector	Industry	Country	P/E	Beta	ATR	SMA20	SMA50	SMA200	52W High	52W Low	RSI	Change from Open	Gap	Fwd P/E	PEG	P/S	P/B	P/C	P/FCF	EPS This Y	EPS Next Y	EPS Past 5Y	EPS Next 5Y	Sales Past 5Y	Price_Over_15	Market_Cap_Over_500m	Avg_Volume_Over_100k	Price_Above_SMA50	Price_Above_SMA200	Pct_Above_Low_Over_30%	Pct_Below_High_Under_20%	EPS_This_Y_Positive	EPS_Next_Y_Positive	EPS_Past_5Y_Positive	EPS_Next_5Y_Positive	Sales_Past_5Y_Positive	Run_Day	Investor_Score
EXEL	12180000000.0		0.23440000000000003	0.3056	29.01%	3.75	3.68	0.08	0.08	0.9662999999999999	0.35850000000000004	0.2963	Nov 04/a	45.44	0.0046	2268269.0	Exelixis Inc	Healthcare	Biotechnology	USA	19.13	0.42	1.47	0.020499999999999997	0.053	0.11630000000000001	-0.0842	0.42450000000000004	57.63	-0.0018	0.0064	13.47	0.39	5.32	5.64	12.32	15.62	0.6667000000000001	0.1496	0.1155	0.34850000000000003	0.1751	True	True	True	True	True	True	True	True	True	True	True	True	2026-01-15	100
FUTU	16710000000.0		0.0507	0.3024	26.63%	1.16	1.16	0.01	0.37	0.9445999999999999	0.6709999999999999	0.4711	Nov 18/b	176.5	0.0141	2315553.0	Futu Holdings Ltd ADR	Financial	Capital Markets	Hong Kong	19.72	0.42	6.62	0.0253	0.0236	0.1865	-0.1285	1.5	52.61	-0.0019	0.016	17.09	0.57	6.24	5.24	8.44		0.7653	0.17350000000000002	0.9525	0.3023	0.6665000000000001	True	True	True	True	True	True	True	True	True	True	True	True	2026-01-15	100
NVDA	4545320000000.0	0.0002	0.7715000000000001	1.0735999999999999	77.27%	4.47	3.71	0.08	0.09	0.7005	0.5884	0.5301	Nov 19/a	187.05	0.0213	204409702.0	NVIDIA Corp	Technology	Semiconductors	USA	46.33	2.31	5.26	0.0098	0.0121	0.14279999999999998	-0.1185	1.1594	53.18	0.0029	0.0184	24.31	0.49	24.29	38.24	75.0	58.78	0.5645	0.6451	0.9183	0.4918	0.6424	True	True	True	True	True	True	True	True	True	True	True	True	2026-01-15	100
MU	378880000000.0	0.0015	0.15130000000000002	0.2255	16.85%	2.46	1.78	0.2	0.21	0.45530000000000004	0.3292	0.2815	Dec 17/a	336.63	0.0098	25156936.0	Micron Technology Inc	Technology	Semiconductors	USA	32.0	1.51	15.45	0.1085	0.2791	1.1038	-0.0416	4.4700999999999995	66.36	-0.026000000000000002	0.0368	7.99	0.11	8.95	6.45	36.72	81.44	2.8862	0.30829999999999996	0.2619	0.7043	0.1176	True	True	True	True	True	True	True	True	True	True	True	True	2026-01-15	100
KGC	40140000000.0	0.0038	0.1537	0.2409	19.09%	2.83	1.68	0.16	0.16	0.4301	0.4007	0.273	Nov 04/a	33.25	-0.0012	7054876.0	Kinross Gold Corp	Basic Materials	Gold	Canada	23.2	0.74	1.14	0.1072	0.1997	0.6181	-0.0226	2.3052	75.71	0.0109	-0.012	12.97	0.23	6.23	5.06	23.12	18.34	1.5682	0.4678	0.06280000000000001	0.562	0.08039999999999999	True	True	True	True	True	True	True	True	True	True	True	True	2026-01-15	100
NRIM	640620000.0	0.022099999999999998	0.020099999999999996	0.2192	18.30%	0.14		0.09	0.09		0.3331	0.2532	Oct 22/a	29.0	0.0417	123997.0	Northrim Bancorp, Inc	Financial	Banks - Regional	USA	10.32	0.97	0.81	0.0564	0.13140000000000002	0.2791	0.0183	0.7929	69.29	0.04019999999999999	0.0014000000000000002	10.32	0.41	2.57	2.03		6.56	0.5106	0.124	0.1685	0.251	0.1243	True	True	True	True	True	True	True	True	True	True	True	True	2026-01-15	95
FHI	4139999999.9999995	0.025099999999999997	0.1725	0.3206	22.33%	3.13	3.13	0.37	0.39	0.7529	0.2893	0.20800000000000002	Jan 29/a	53.41	0.021	463162.0	Federated Hermes Inc	Financial	Asset Management	USA	11.17	0.73	1.12	0.0070999999999999995	0.0429	0.1158	-0.0196	0.5238	56.61	0.0116	0.009399999999999999	10.21	0.48	2.37	3.49	6.4	15.98	0.5352	0.0553	0.0377	0.212	0.0429	True	True	True	True	True	True	True	True	True	True	True	True	2026-01-15	95
EVR	14820000000.0	0.0087	0.1323	0.3139	18.65%	2.71	2.71	0.57	0.63	0.9890000000000001	0.20079999999999998	0.1483	Oct 29/b	383.12	0.0452	373668.0	Evercore Inc	Financial	Capital Markets	USA	30.56	1.57	11.62	0.07440000000000001	0.1501	0.3223	0.018000000000000002	1.5777	71.04	0.0407	0.0043	21.4	0.61	4.16	8.16	6.13	14.31	0.4224	0.3361	0.056900000000000006	0.3502	0.08109999999999999	True	True	True	True	True	True	True	True	True	True	True	True	2026-01-15	95
STRL	10330000000.0		0.1377	0.35729999999999995	22.98%	1.0	1.0	0.31	0.34	0.22190000000000001	0.16140000000000002	0.1414	Nov 03/a	336.31	0.053399999999999996	451056.0	Sterling Infrastructure Inc	Industrials	Engineering & Construction	USA	32.98	1.51	16.84	0.077	0.018500000000000003	0.2408	-0.19760000000000003	2.4909	57.49	0.024700000000000003	0.027999999999999997	28.17	0.84	4.63	9.83	33.72	28.68	0.6851	0.1613	0.41229999999999994	0.3369	0.1344	True	True	True	True	True	True	True	True	True	True	True	True	2026-01-15	95
AGI	16920000000.000002	0.0024	0.0955	0.1427	12.52%	1.72	1.33	0.07	0.07	0.4875	0.4301	0.3346	Jan 14/a	40.3	-0.0626	6460277.0	Alamos Gold Inc	Basic Materials	Gold	Canada	31.61	0.61	1.68	0.0023	0.0931	0.3152	-0.08130000000000001	1.1133	54.03	0.0291	-0.0891	15.67	0.3	10.51	4.2	33.21	72.2	0.8342	0.7306999999999999	0.2311	0.5295000000000001	0.1454	True	True	True	True	True	True	True	True	True	True	True	True	2026-01-15	90
CLS	36070000000.0		0.1144	0.373	24.77%	1.47	0.88	0.43	0.45	0.1176	0.085	0.0635	Jan 28/a	313.53	0.0113	2002534.0	Celestica, Inc	Technology	Electronic Components	Canada	50.88	1.87	19.83	0.0409	0.001	0.4985	-0.13720000000000002	4.401	52.35	0.0089	0.0024	37.12	0.86	3.2	17.77	117.91	90.75	0.5226	0.42979999999999996	0.46520000000000006	0.433	0.1038	True	True	True	True	True	True	True	True	True	True	True	True	2026-01-15	90
FNV	46330000000.0	0.0063	0.1331	0.1417	13.13%	4.64	4.63	0.0	0.0	0.7199	0.6908	0.5951	Nov 03/a	240.32	0.0126	712759.0	Franco-Nevada Corporation	Basic Materials	Gold	Canada	50.4	0.48	7.21	0.0987	0.15789999999999998	0.2979	-0.0064	0.9434	76.84	0.018000000000000002	-0.0053	32.56	0.9	29.97	6.62	195.73		0.6744	0.3732	0.09380000000000001	0.3626	0.057	True	True	True	True	True	True	True	True	True	True	True	True	2026-01-15	90
AEM	100620000000.0	0.0070999999999999995	0.1103	0.1567	14.48%	2.12	1.31	0.01	0.01	0.5305	0.4975	0.3262	Oct 29/a	200.42	0.0159	1988517.0	Agnico Eagle Mines Ltd	Basic Materials	Gold	Canada	29.27	0.62	6.57	0.10550000000000001	0.1618	0.4004	-0.0076	1.4188	73.16	0.0209	-0.0049	17.67	0.47	9.52	4.28	42.44	27.56	0.9259999999999999	0.392	0.1368	0.3751	0.2713	True	True	True	True	True	True	True	True	True	True	True	True	2026-01-15	90
WPM	61520000000.0	0.0048	0.1267	0.1305	12.37%	8.09	8.09	0.0	0.0	0.6851999999999999	0.6409	0.5472	Nov 06/a	135.5	0.0177	1618708.0	Wheaton Precious Metals Corp	Basic Materials	Gold	Canada	61.5	0.52	4.26	0.10210000000000001	0.2025	0.3834	0.0127	1.4012	74.68	0.0294	-0.0113	35.8	0.86	33.61	7.6	53.14	88.53	0.9242	0.39490000000000003	0.433	0.4175	0.0832	True	True	True	True	True	True	True	True	True	True	True	True	2026-01-15	90
RGLD	21870000000.0	0.0072	0.12359999999999999	0.149	11.49%	2.89	2.68	0.23	0.23	0.7159	0.6687000000000001	0.5597	Nov 05/a	259.15	0.0195	729222.0	Royal Gold, Inc	Basic Materials	Gold	USA	35.53	0.49	7.51	0.09849999999999999	0.2281	0.39399999999999996	0.0087	0.9239	80.33	0.024	-0.0044	22.59	0.71	25.5	5.0	126.54		0.5371	0.4188	0.2865	0.3161	0.11199999999999999	True	True	True	True	True	True	True	True	True	True	True	True	2026-01-15	90
RYAAY	36270000000.0	0.015300000000000001	0.1466	0.2867	25.45%	0.71	0.71	0.03	0.16	0.22329999999999997	0.16760000000000003	0.1628	Jan 26/b	69.0	0.0147	1317505.0	Ryanair Holdings Plc ADR	Industrials	Airlines	Ireland	13.43	1.23	1.29	-0.0347	0.0158	0.1577	-0.0706	0.7913	45.85	0.0017000000000000001	0.0129	12.13	0.51	2.15	3.46	10.32	14.79	0.49340000000000006	0.1631	0.1941	0.2378	0.0967	True	True	True	True	True	True	True	True	True	True	True	True	2026-01-15	90
FIX	38480000000.0	0.0018	0.16440000000000002	0.4384	31.94%	1.22	1.2	0.17	0.19	0.2278	0.1336	0.10060000000000001	Oct 23/a	1091.04	0.036000000000000004	406416.0	Comfort Systems USA, Inc	Industrials	Engineering & Construction	USA	46.2	1.67	47.64	0.1045	0.125	0.5607	0.0109	2.9468	64.05	0.006500000000000001	0.029300000000000003	35.44	1.04	4.62	17.23	43.67	48.18	0.7975	0.17309999999999998	0.3652	0.34130000000000005	0.2186	True	True	True	True	True	True	True	True	True	True	True	True	2026-01-15	85
EXPE	36060000000.0	0.004	0.0572	1.044	22.88%	0.74	0.74	3.54	4.85	0.8382	0.1298	0.0966	Nov 06/a	294.28	0.0121	1321112.0	Expedia Group Inc	Consumer Cyclical	Travel Services	USA	28.15	1.42	8.12	0.0138	0.0895	0.41259999999999997	-0.0313	1.2634999999999998	58.31	0.0088	0.0032	16.15	0.75	2.51	27.08	4.74	12.03	0.2655	0.1888	0.1887	0.2144	0.0256	True	True	True	True	True	True	True	True	True	True	True	True	2026-01-15	85
PFSI	7830000000.0	0.008	0.0207	0.1255	4.79%	0.1	0.1	1.47	3.34	0.8844	0.33520000000000005	0.11900000000000001	Oct 21/a	150.7	0.0226	447710.0	PennyMac Financial Services Inc	Financial	Mortgage Finance	USA	16.23	1.55	3.82	0.09910000000000001	0.139	0.3397	0.016	0.7576	80.89	0.0123	0.0102	10.12	0.23	1.87	1.86	11.45		0.7809999999999999	0.43200000000000005	0.036000000000000004	0.4472	0.1208	True	True	True	True	True	True	True	True	True	True	True	True	2026-01-15	85
SCHW	182600000000.0	0.010700000000000001	0.0177	0.1705	11.03%	1.19	1.19	0.43	0.56	0.8164	0.4556	0.28600000000000003	Jan 21/b	102.76	0.008199999999999999	8316723.0	Charles Schwab Corp	Financial	Capital Markets	USA	24.1	0.93	1.8	0.017	0.0621	0.1195	-0.0191	0.5598	61.76	0.0055000000000000005	0.0027	17.93	0.66	6.72	4.31	3.22	8.89	0.4972	0.1778	0.0226	0.27190000000000003	0.17149999999999999	True	True	True	True	True	True	True	True	True	True	True	True	2026-01-15	85
NIC	1980000000.0	0.009000000000000001	0.016399999999999998	0.1225	10.73%	0.1		0.11	0.11		0.3218	0.26489999999999997	Oct 23/a	133.08	0.0216	186477.0	Nicolet Bankshares Inc	Financial	Banks - Regional	USA	14.25	0.78	3.45	0.056600000000000004	0.057	0.060899999999999996	-0.0623	0.3593	63.04	0.018000000000000002	0.0034999999999999996	11.61	0.56	3.63	1.62		13.37	0.2345	0.1856	0.0783	0.2089	0.2207	True	True	True	True	True	True	True	True	True	True	True	True	2026-01-15	85
APH	188770000000.0	0.004699999999999999	0.1635	0.3478	19.45%	2.07	1.52	0.57	0.64	0.3594	0.2464	0.1822	Jan 28/b	154.22	0.0509	10047895.0	Amphenol Corp	Technology	Electronic Components	USA	51.41	1.2	4.85	0.11	0.11900000000000001	0.39659999999999995	0.034300000000000004	1.732	70.03	0.027000000000000003	0.0232	37.07	1.02	9.0	15.07	48.55	53.07	0.7454999999999999	0.2611	0.1539	0.3641	0.131	True	True	True	True	True	True	True	True	True	True	True	True	2026-01-15	85
ENVA	3840000000.0		0.0536	0.23809999999999998	5.41%	21.79	21.79	3.22	3.22		0.2327	0.0964	Jan 27/a	155.23	-0.0292	412826.0	Enova International Inc	Financial	Credit Services	USA	14.26	1.25	4.96	-0.0405	0.0754	0.33990000000000004	-0.0797	0.9549	49.58	-0.0298	0.0006	10.67	0.43	1.26	3.01	10.75	2.25	0.3914	0.1431	0.47479999999999994	0.2469	0.17739999999999997	True	True	True	True	True	True	True	True	True	True	True	True	2026-01-15	85
AROC	4590000000.0	0.0315	0.0638	0.19329999999999997	6.56%	1.56	1.01	1.81	1.81	0.46909999999999996	0.3625	0.1822	Oct 28/a	26.18	0.009300000000000001	1427169.0	Archrock Inc	Energy	Oil & Gas Equipment & Services	USA	17.42	0.92	0.75	0.0125	0.044199999999999996	0.06559999999999999	-0.1399	0.3012	55.93	0.0128	-0.0034999999999999996	14.24	0.55	3.19	3.23	1125.29	237.76	0.49700000000000005	0.1693	0.0849	0.25989999999999996	0.037000000000000005	True	True	True	True	True	True	True	True	True	True	True	True	2026-01-15	80
CRS	16940000000.000002	0.0024	0.1242	0.2316	15.86%	4.44	2.37	0.36	0.37	0.2808	0.1954	0.1429	Jan 29/b	340.11	0.053	924229.0	Carpenter Technology Corp	Industrials	Metal Fabrication	USA	41.61	1.3	13.75	0.0354	0.0559	0.29710000000000003	-0.0254	1.4537	58.45	0.0426	0.009899999999999999	29.09	1.34	5.86	8.85	81.46	62.89	0.32659999999999995	0.1784	2.1797999999999997	0.21710000000000002	0.057	True	True	True	True	True	True	True	True	True	True	True	True	2026-01-15	80
GOOG	4017140000000.0	0.0017000000000000001	0.2571	0.35450000000000004	29.40%	1.75	1.75	0.09	0.11	0.5918	0.331	0.3223	Feb 04/a	333.16	-0.009399999999999999	16179089.0	Alphabet Inc	Communication Services	Internet Content & Information	USA	32.87	1.1	7.41	0.0453	0.0782	0.4711	-0.0236	1.3353	67.75	-0.0138	0.0045000000000000005	29.6	1.7	10.42	10.4	40.78	54.62	0.322	0.0588	0.2676	0.17420000000000002	0.1673	True	True	True	True	True	True	True	True	True	True	True	True	2026-01-15	80
BCO	5180000000.0	0.0087	0.0248	0.6195	4.03%	1.46	1.46	14.71	16.09	0.2536	0.099	0.0331	Nov 05/b	124.8	0.0232	264448.0	Brink's Co	Industrials	Security & Protection Services	USA	31.59	1.09	2.91	0.036000000000000004	0.0729	0.20980000000000001	-0.018799999999999997	0.5581	61.51	0.0174	0.005699999999999999	13.61	0.91	1.01	19.34	2.88	12.41	0.1097	0.1525	0.4499	0.149	0.0635	True	True	True	True	True	True	True	True	True	True	True	True	2026-01-15	80
AMZN	2546200000000.0		0.1165	0.2433	15.14%	1.01	0.8	0.37	0.41	0.5005	0.11539999999999999	0.1106	Oct 30/a	238.18	0.006500000000000001	42758114.0	Amazon.com Inc	Consumer Cyclical	Internet Retail	USA	33.65	1.38	5.27	0.0144	0.0197	0.0876	-0.079	0.47590000000000005	53.83	-0.005	0.0115	30.09	1.46	3.68	6.89	26.05	241.12	0.2926	0.1075	0.3689	0.2057	0.17859999999999998	True	True	True	True	True	True	True	True	True	True	True	True	2026-01-15	80
ALV	9840000000.0	0.0242	0.0897	0.3109	18.61%	0.95	0.7	0.59	0.86	0.19329999999999997	0.1051	0.0708	Oct 17/b	129.58	0.0088	669818.0	Autoliv Inc	Consumer Cyclical	Auto Parts	Sweden	13.38	1.33	2.31	0.054900000000000004	0.07400000000000001	0.1454	0.0003	0.7165	71.97	0.0036	0.0052	11.69	0.78	0.93	3.86	43.75	17.27	0.153	0.1559	0.0876	0.1491	0.0398	True	True	True	True	True	True	True	True	True	True	True	True	2026-01-15	80
PIPR	6620000000.0	0.019	0.1112	0.193	17.19%	1.2	1.2	0.07	0.09	0.9134	0.16210000000000002	0.1369	Oct 31/b	374.5	0.0375	140713.0	Piper Sandler Co's	Financial	Capital Markets	USA	28.2	1.52	10.23	0.0555	0.0901	0.2163	-0.0007000000000000001	0.8456	65.19	0.0305	0.0068000000000000005	20.41	0.77	3.84	4.88	58.11	139.2	0.2293	0.17629999999999998	0.13970000000000002	0.264	0.1264	True	True	True	True	True	True	True	True	True	True	True	True	2026-01-15	80
GOOGL	4018170000000.0	0.0016	0.2571	0.35450000000000004	29.40%	1.75	1.75	0.09	0.11	0.5918	0.331	0.3223	Feb 04/a	332.78	-0.0091	28332734.0	Alphabet Inc	Communication Services	Internet Content & Information	USA	32.83	1.09	7.48	0.047	0.0794	0.4758	-0.0226	1.368	68.34	-0.013999999999999999	0.0049	29.57	1.7	10.42	10.39	40.8	54.63	0.322	0.0587	0.2676	0.17420000000000002	0.1673	True	True	True	True	True	True	True	True	True	True	True	True	2026-01-15	80
NNI	4880000000.0	0.0088	0.0305	0.12269999999999999	3.71%	3.19	3.19	2.14	2.14	0.878	0.5378000000000001	0.1862	Nov 06/a	135.93	0.0002	123227.0	Nelnet Inc	Financial	Credit Services	USA	11.63	0.82	3.53	-0.0012	0.026699999999999998	0.1025	-0.048600000000000004	0.3849	52.66	-0.005	0.0052	15.43	0.62	2.14	1.34	6.37	10.52	0.4437	0.2687	0.0683	0.2502	0.027200000000000002	True	True	True	True	True	True	True	True	True	True	True	True	2026-01-15	80
TATT	667740000.0		0.0821	0.11230000000000001	8.49%	4.44	2.34	0.08	0.1	0.2426	0.1043	0.0908	Nov 12/a	51.56	-0.0073	110080.0	TAT Technologies Ltd	Industrials	Aerospace & Defense	Israel	38.71	0.93	2.16	0.0966	0.2184	0.43579999999999997	-0.0379	1.2062	70.33	-0.0147	0.0075	27.82	0.93	3.87	3.91	14.18		0.405	0.3191	0.6144	0.3006	0.0931	True	True	True	True	True	True	True	True	True	True	True	True	2026-01-15	80
IESC	8620000000.0		0.20829999999999999	0.4054	31.92%	1.71	1.54	0.07	0.11	0.24100000000000002	0.11410000000000001	0.08990000000000001	Nov 21/b	432.68	0.030899999999999997	124318.0	IES Holdings Inc	Industrials	Engineering & Construction	USA	28.8	1.72	22.09	0.066	0.061399999999999996	0.302	-0.10300000000000001	1.9531999999999998	56.19	0.0022	0.0286	20.89	1.0	2.56	9.72	37.2	30.69	0.31989999999999996	0.14859999999999998	0.5008	0.20800000000000002	0.2288	True	True	True	True	True	True	True	True	True	True	True	True	2026-01-15	75
MPWR	48360000000.0	0.0062	0.5367999999999999	0.6403	52.89%	4.77	3.63	0.0	0.01	0.5524	0.2601	0.7121999999999999	Oct 30/a	1009.54	0.0264	529285.0	Monolithic Power System Inc	Technology	Semiconductors	USA	25.78	1.45	35.53	0.0602	0.0698	0.24100000000000002	-0.1013	1.3004	62.16	-0.0045000000000000005	0.031	48.58	2.4	18.18	13.55	38.1	68.58	0.2534	0.17420000000000002	0.7275	0.2022	0.2858	True	True	True	True	True	True	True	True	True	True	True	True	2026-01-15	75
CTRE	8369999999.999999	0.0354	0.06509999999999999	0.08130000000000001	5.33%	11.31	11.31	0.22	0.22	0.7844	0.6469	0.6083	Nov 05/a	37.47	0.0059	2367400.0	CareTrust REIT Inc	Real Estate	REIT - Healthcare Facilities	USA	27.92	0.77	0.78	0.0182	0.0202	0.1429	-0.0222	0.5115	58.37	0.0	0.0059	23.83	0.85	19.53	2.09	11.74	25.02	0.7817000000000001	0.1033	0.1017	0.2793	0.1264	True	True	True	True	True	True	True	True	True	True	True	True	2026-01-15	75
FCFS	7460000000.0	0.0097	0.0647	0.1475	6.64%	4.99	3.72	1.12	1.17	0.5157	0.1512	0.0888	Oct 30/b	169.01	0.0058	166043.0	FirstCash Holdings Inc	Financial	Credit Services	USA	24.4	0.49	3.93	0.0364	0.0533	0.1812	-0.0014000000000000002	0.5829	65.62	0.0058	0.0	16.84	0.83	2.14	3.39	57.27	16.51	0.2905	0.1611	0.085	0.204	0.12689999999999999	True	True	True	True	True	True	True	True	True	True	True	True	2026-01-15	75
ATI	17040000000.0		0.08839999999999999	0.25429999999999997	13.00%	2.5	1.18	1.0	1.12	0.214	0.1374	0.0971	Feb 03/b	125.39	0.0174	1336145.0	ATI Inc	Industrials	Metal Fabrication	USA	40.44	1.02	3.57	0.0616	0.1689	0.4852	-0.0004	2.1963	75.09	-0.001	0.018500000000000003	32.44	1.36	3.72	9.98	45.77	38.35	0.2829	0.22469999999999998	0.0667	0.23870000000000002	0.011399999999999999	True	True	True	True	True	True	True	True	True	True	True	True	2026-01-15	75
DY	10590000000.0		0.0924	0.21899999999999997	11.95%	3.09	2.9	0.68	0.72	0.16149999999999998	0.08310000000000001	0.0575	Nov 19/b	365.65	0.0329	378536.0	Dycom Industries, Inc	Industrials	Engineering & Construction	USA	36.01	1.35	11.54	0.053200000000000004	0.0925	0.3883	-0.0027	1.7834	63.58	0.0167	0.016	26.74	1.06	2.05	7.14	94.97	35.67	0.31420000000000003	0.2329	0.34509999999999996	0.2518	0.0708	True	True	True	True	True	True	True	True	True	True	True	True	2026-01-15	75
CWK	3950000000.0		0.0294	0.12210000000000001	4.53%	1.07	1.07	1.52	1.59	0.1725	0.0462	0.0223	Oct 30/b	17.07	0.0434	1551575.0	Cushman & Wakefield Ltd	Real Estate	Real Estate Services	Bermuda	17.89	1.47	0.57	0.0392	0.0679	0.26899999999999996	-0.015	1.2343000000000002	60.11	0.0345	0.0086	11.73	0.4	0.4	2.02	5.98	32.33	0.5756	0.1961	2.6258	0.2955	0.0154	True	True	True	True	True	True	True	True	True	True	True	True	2026-01-15	75
SHBI	616390000.0	0.026000000000000002	0.009300000000000001	0.1025	7.99%	0.12		0.23	0.24		0.22440000000000002	0.1678	Oct 23/a	18.44	0.020499999999999997	140225.0	Shore Bancshares Inc	Financial	Banks - Regional	USA	10.82	0.91	0.45	0.0246	0.0587	0.1604	-0.0406	0.6077	61.9	0.021	-0.0006	9.59	0.52	1.82	1.07		7.96	0.3419	0.08529999999999999	0.0072	0.18309999999999998	0.3632	True	True	True	True	True	True	True	True	True	True	True	True	2026-01-15	75
WAL	9890000000.0	0.0169	0.0105	0.12789999999999999	7.96%	0.13		0.51	0.64		0.2107	0.17079999999999998	Jan 26/a	89.83	0.0171	721812.0	Western Alliance Bancorp	Financial	Banks - Regional	USA	11.11	1.36	2.19	0.030600000000000002	0.0755	0.1258	-0.0484	0.5746	62.22	0.011699999999999999	0.0053	8.7	0.48	1.9	1.39			0.2047	0.2091	0.0793	0.18289999999999998	0.3159	True	True	True	True	True	True	True	True	True	True	True	True	2026-01-15	75
RL	22390000000.0	0.009399999999999999	0.1208	0.34009999999999996	16.44%	2.04	1.35	1.01	1.11	0.6623	0.1517	0.1128	Nov 06/b	369.15	0.0173	417469.0	Ralph Lauren Corp	Consumer Cyclical	Apparel Manufacturing	USA	27.27	1.5	9.51	0.0171	0.0455	0.23329999999999998	-0.0286	1.0902	57.0	0.0143	0.0029	21.69	1.38	2.96	8.68	13.59	33.53	0.2561	0.09910000000000001	0.1845	0.157	0.0282	True	True	True	True	True	True	True	True	True	True	True	True	2026-01-15	75
SF	13260000000.0	0.0141	0.0165	0.1173	8.62%	1.68	1.68	0.26	0.4	0.8502	0.1616	0.1012	Oct 22/b	130.2	0.0118	619539.0	Stifel Financial Corp	Financial	Capital Markets	USA	22.99	1.14	2.99	0.0105	0.0414	0.19039999999999999	-0.0337	0.777	55.89	0.0059	0.0059	13.43	0.78	2.14	2.62	4.12	9.64	0.07200000000000001	0.3282	0.4235	0.1728	0.4471	True	True	True	True	True	True	True	True	True	True	True	True	2026-01-15	75
PJT	9070000000.0	0.0054	0.10859999999999999	0.9185	28.14%	2.09	2.09	1.77	1.81		0.1948	0.1075	Nov 04/b	186.67	0.0421	250813.0	PJT Partners Inc	Financial	Capital Markets	USA	28.7	0.83	5.1	0.0688	0.0926	0.1222	-0.0189	0.5587	66.54	0.035	0.0069	24.49	1.31	5.48	19.85	17.41	16.89	0.3453	0.1285	0.32289999999999996	0.18719999999999998	0.1574	True	True	True	True	True	True	True	True	True	True	True	True	2026-01-15	75
BPOP	8590000000.0	0.022400000000000003	0.0106	0.1305	11.06%	0.12		0.15	0.23		0.21789999999999998	0.17550000000000002	Jan 27/b	128.84	0.0208	288859.0	Popular Inc	Financial	Banks - Regional	USA	11.41	0.65	2.64	0.018600000000000002	0.0732	0.1394	-0.0172	0.6469	61.2	0.018600000000000002	0.0022	9.49	0.48	1.94	1.42		14.48	0.31129999999999997	0.1487	0.0782	0.19820000000000002	0.10880000000000001	True	True	True	True	True	True	True	True	True	True	True	True	2026-01-15	75
AMD	371060000000.0		0.042699999999999995	0.053200000000000004	5.18%	2.31	1.68	0.05	0.06	0.44329999999999997	0.0947	0.1032	Feb 03/a	227.92	0.019299999999999998	54825276.0	Advanced Micro Devices Inc	Technology	Semiconductors	USA	112.64	1.94	9.5	0.0664	0.0319	0.3563	-0.1466	1.9801	59.9	0.0001	0.0192	34.29	0.74	11.59	6.1	51.23	68.11	0.1945	0.6809999999999999	0.2691	0.4644	0.3081	True	True	True	True	True	True	True	True	True	True	True	True	2026-01-15	75
APO	83670000000.0	0.0141	0.0102	0.203	11.52%	0.08	0.08	0.52	0.55	0.5617	0.2432	0.1458	Nov 04/b	144.15	0.0006	2048127.0	Apollo Global Management Inc	Financial	Asset Management	USA	21.36	1.57	3.92	-0.0169	0.0347	0.0582	-0.1759	0.4052	50.15	-0.0045000000000000005	0.0051	15.69	1.15	3.0	3.85	3.91	15.47	0.06849999999999999	0.1574	0.1407	0.136	0.5617	True	True	True	True	True	True	True	True	True	True	True	True	2026-01-15	75
FLS	9740000000.0	0.011000000000000001	0.0815	0.2097	11.75%	2.1	1.54	0.7	0.74	0.3372	0.1118	0.0966	Oct 28/a	76.62	0.0196	1450269.0	Flowserve Corp	Industrials	Specialty Industrial Machinery	USA	22.29	1.3	1.65	0.0652	0.0839	0.36369999999999997	0.018500000000000003	1.052	71.41	0.0062	0.013300000000000001	19.29	1.03	2.08	4.33	11.68	15.48	0.3166	0.14730000000000001	0.0333	0.1869	0.0296	True	True	True	True	True	True	True	True	True	True	True	True	2026-01-15	70
CUBI	2690000000.0		0.0077	0.08990000000000001	4.46%	0.37		0.71	0.71		0.19640000000000002	0.11460000000000001	Jan 22/a	78.73	0.018500000000000003	238518.0	Customers Bancorp Inc	Financial	Banks - Regional	USA	15.95	1.66	1.98	0.029300000000000003	0.0967	0.2582	-0.0158	0.932	64.64	0.019299999999999998	-0.0008	9.81	0.47	1.9	1.32		5.44	0.2335	0.2785	0.1993	0.2087	0.2054	True	True	True	True	True	True	True	True	True	True	True	True	2026-01-15	70
COHR	30800000000.0	0.0003	0.017	0.0308	1.01%	2.33	1.39	0.41	0.42	0.366	0.1116	0.0196	Nov 05/a	195.96	0.0644	7019404.0	Coherent Corp	Technology	Scientific & Technical Instruments	USA	282.4	1.86	12.87	0.0504	0.1462	0.7584000000000001	-0.021099999999999997	3.2993	58.62	0.0232	0.04019999999999999	30.32	0.98	5.1	5.28	35.18	417.4	0.4468	0.26539999999999997	0.0801	0.3103	0.1954	True	True	True	True	True	True	True	True	True	True	True	True	2026-01-15	70
CBOE	28340000000.0	0.01	0.11	0.2151	15.16%	1.72	1.72	0.32	0.33	0.46759999999999996	0.29969999999999997	0.2118	Feb 06/b	270.83	0.0075	732048.0	Cboe Global Markets Inc	Financial	Financial Data & Stock Exchanges	USA	29.07	0.35	5.13	0.0567	0.060599999999999994	0.13570000000000002	0.0073	0.446	70.96	0.006999999999999999	0.0006	24.15	2.04	6.14	5.8	18.53	24.68	0.218	0.0693	0.16690000000000002	0.11810000000000001	0.10400000000000001	True	True	True	True	True	True	True	True	True	True	True	True	2026-01-15	70
EAT	7410000000.0		0.1693	2.4907	21.94%	0.35	0.2	4.88	5.29	0.1492	0.10859999999999999	0.0794	Jan 28/b	166.71	0.0070999999999999995	749440.0	Brinker International, Inc	Consumer Cyclical	Restaurants	USA	17.28	1.35	5.97	0.0843	0.1917	0.1226	-0.13269999999999998	0.6620999999999999	70.61	0.0085	-0.0013	13.98	1.04	1.32	21.52	220.45	15.77	0.1623	0.1527	0.6766	0.1348	0.1183	True	True	True	True	True	True	True	True	True	True	True	True	2026-01-15	70
SN	17810000000.0		0.12480000000000001	0.2736	17.63%	1.96	1.26	0.35	0.38	0.48369999999999996	0.1286	0.09449999999999999	Nov 06/b	126.17	0.018500000000000003	1356535.0	SharkNinja Inc	Consumer Cyclical	Furnishings, Fixtures & Appliances	USA	31.15	1.41	4.38	0.0775	0.1962	0.2504	-0.023399999999999997	1.0855	68.66	0.0077	0.010700000000000001	21.18	1.37	2.93	7.39	67.5	43.53	0.17809999999999998	0.1573	0.07200000000000001	0.1551	0.19039999999999999	True	True	True	True	True	True	True	True	True	True	True	True	2026-01-15	70
SIMO	3850000000.0	0.0149	0.0894	0.1188	11.71%	3.44	2.1	0.0	0.0	0.4763	0.1014	0.12240000000000001	Feb 03/a	113.38	0.0147	645037.0	Silicon Motion Technology Corp ADR	Technology	Semiconductors	Hong Kong	39.11	1.05	6.25	0.1438	0.21539999999999998	0.45630000000000004	-0.0805	2.0469999999999997	66.12	-0.0154	0.0305	23.69	1.04	4.83	4.62	19.4		0.04	0.3419	0.0762	0.2271	0.1185	True	True	True	True	True	True	True	True	True	True	True	True	2026-01-15	70
RF	25010000000.0	0.0363	0.013600000000000001	0.1143	8.68%	0.12		0.24	0.32		0.2824	0.2146	Jan 16/b	28.52	0.013500000000000002	15737759.0	Regions Financial Corp	Financial	Banks - Regional	USA	12.55	1.05	0.56	0.0209	0.0764	0.1659	-0.025099999999999997	0.6077	61.6	0.0092	0.0043	10.92	1.05	2.61	1.43		10.97	0.1117	0.1079	0.0513	0.10400000000000001	0.0709	True	True	True	True	True	True	True	True	True	True	True	True	2026-01-15	70
BYD	7000000000.0	0.0079	0.2924	0.8717	36.54%	0.51	0.49	0.92	0.96	0.43670000000000003	0.2311	0.46020000000000005	Feb 05/a	89.56	0.0239	812165.0	Boyd Gaming Corp	Consumer Cyclical	Resorts & Casinos	USA	3.92	1.24	1.85	0.0315	0.07200000000000001	0.12269999999999999	0.0007000000000000001	0.5195000000000001	64.61	0.022400000000000003	0.0015	11.55	1.44	1.72	2.64	21.54	16.97	0.0801	0.09570000000000001	0.34950000000000003	0.08	0.0339	True	True	True	True	True	True	True	True	True	True	True	True	2026-01-15	70
BANC	3240000000.0	0.0192	0.0062	0.0599	2.87%	0.1		0.7	0.85		0.1477	0.09300000000000001	Jan 21/a	20.87	0.0276	2036092.0	Banc of California Inc	Financial	Banks - Regional	USA	20.31	0.73	0.47	0.0482	0.10800000000000001	0.3062	0.0092	0.8116	72.09	0.026099999999999998	0.0015	12.18	0.21	1.79	1.09		14.28	1.1782	0.5125	0.5847	0.5725	0.36200000000000004	True	True	True	True	True	True	True	True	True	True	True	True	2026-01-15	70
BTSG	7140000000.0		0.0123	0.0425	2.93%	1.79	1.38	1.43	1.48	0.12300000000000001	0.0292	0.0104	Oct 28/a	39.6	0.029900000000000003	1256908.0	BrightSpring Health Services Inc	Healthcare	Health Information Services	USA	66.11	2.38	1.29	0.0366	0.1042	0.4894	-0.0349	1.5575	60.78	0.029900000000000003	0.0	29.77	0.69	0.58	3.93	50.89	22.37	0.871	0.2695	0.601	0.4318	0.20010000000000003	True	True	True	True	True	True	True	True	True	True	True	True	2026-01-15	70
CIB	8310000000.000001	0.060899999999999996	0.0195	0.17059999999999997	5.66%	0.17		0.53	0.69		0.23260000000000003	0.0894	Nov 06/b	73.84	0.0034000000000000002	318149.0	Grupo Cibest S.A. ADR	Financial	Banks - Regional	Colombia	18.89	0.87	1.7	0.10880000000000001	0.1507	0.4486	-0.0012	1.3235	81.02	0.0045000000000000005	-0.0011	8.84	0.86	0.79	1.64		3.34	0.2607	0.034300000000000004	0.0992	0.1023	0.0913	True	True	True	True	True	True	True	True	True	True	True	True	2026-01-15	70
AER	25360000000.0	0.0076	0.052000000000000005	0.21710000000000002	6.09%	0.62	0.59	2.43	2.43	0.5899	0.5197999999999999	0.4959	Feb 06/b	143.63	0.0126	721391.0	Aercap Holdings N.V	Industrials	Rental & Leasing Services	Ireland	6.81	1.05	2.64	-0.0072	0.0311	0.1918	-0.037599999999999995	0.6785	52.94	0.0069	0.005600000000000001	9.7	1.06	3.32	1.35	13.26		0.2249	0.0060999999999999995	0.0536	0.0915	0.0759	True	True	True	True	True	True	True	True	True	True	True	True	2026-01-15	70
LRCX	273149999999.99997	0.004699999999999999	0.2805	0.6225999999999999	41.73%	2.21	1.6	0.37	0.44	0.49310000000000004	0.33	0.2966	Jan 28/a	217.47	0.0416	15234826.0	Lam Research Corp	Technology	Semiconductor Equipment & Materials	USA	47.92	1.79	9.12	0.14800000000000002	0.2797	0.8338	-0.023	2.8613	69.76	-0.047400000000000005	0.0934	36.99	2.08	13.94	26.87	40.81	49.22	0.1815	0.2018	0.2242	0.1778	0.1292	True	True	True	True	True	True	True	True	True	True	True	True	2026-01-15	70
MNST	76120000000.0		0.1955	0.2554	22.30%	3.19	2.74	0.0	0.0	0.5581	0.2995	0.2165	Nov 06/a	77.91	0.0023	5519116.0	Monster Beverage Corp	Consumer Defensive	Beverages - Non-Alcoholic	USA	44.35	0.45	1.35	0.0138	0.0495	0.18600000000000003	-0.011399999999999999	0.7048000000000001	62.58	-0.0023	0.0046	34.69	2.2	9.54	9.83	29.51	38.35	0.2268	0.13	0.0801	0.1575	0.12269999999999999	True	True	True	True	True	True	True	True	True	True	True	True	2026-01-15	70
JBL	26730000000.0	0.0013	0.038	0.47869999999999996	17.08%	0.99	0.67	2.06	2.51	0.0883	0.0501	0.0226	Dec 17/b	253.18	0.049100000000000005	1577424.0	Jabil Inc	Technology	Electronic Components	USA	39.38	1.24	9.64	0.0974	0.1535	0.267	0.0168	1.33	68.72	0.0271	0.021400000000000002	18.85	1.08	0.86	20.12	17.01	22.56	0.1895	0.15810000000000002	0.7636	0.17420000000000002	0.0179	True	True	True	True	True	True	True	True	True	True	True	True	2026-01-15	70
LOB	1730000000.0	0.0032	0.0051	0.06309999999999999	5.26%	2.0		0.09	0.09		0.1039	0.0679	Jan 21/a	37.87	0.0484	223976.0	Live Oak Bancshares Inc	Financial	Banks - Regional	USA	25.39	2.0	1.08	0.0542	0.12300000000000001	0.1868	-0.08869999999999999	0.6698000000000001	64.98	0.0493	-0.0008	12.47	0.36	1.71	1.58		7.22	0.18739999999999998	0.5136999999999999	0.3094	0.3435	0.2676	True	True	True	True	True	True	True	True	True	True	True	True	2026-01-15	70
WBS	10390000000.0	0.024900000000000002	0.011200000000000002	0.098	8.19%	0.07		0.16	0.44		0.2762	0.2073	Jan 23/b	64.41	0.0124	2329929.0	Webster Financial Corp	Financial	Banks - Regional	USA	11.99	1.07	1.4	0.0019	0.049699999999999994	0.1352	-0.032	0.6335000000000001	55.3	0.0044	0.008	9.84	0.94	2.4	1.16		6.61	0.09300000000000001	0.1133	0.0149	0.1051	0.239	True	True	True	True	True	True	True	True	True	True	True	True	2026-01-15	70
VOYA	7450000000.0	0.0232	0.0038	0.1263	6.63%			0.73	0.85		0.13019999999999998	0.0705	Feb 03/a	78.32	0.0127	821868.0	Voya Financial Inc	Financial	Financial Conglomerates	USA	13.44	0.89	1.56	0.025099999999999997	0.06860000000000001	0.1081	-0.0209	0.49369999999999997	63.0	0.0115	0.0012	7.76	0.48	0.92	1.51		9.2	0.24109999999999998	0.12119999999999999	0.027000000000000003	0.16149999999999998	0.0149	True	True	True	True	True	True	True	True	True	True	True	True	2026-01-15	70
BK	85320000000.0	0.0179	0.0125	0.12960000000000002	6.93%	3.92		0.73	1.2		0.1691	0.1308	Jan 13/b	123.97	-0.005	3585847.0	Bank Of New York Mellon Corp	Financial	Banks - Diversified	USA	16.73	1.1	2.13	0.0437	0.08310000000000001	0.2345	-0.0077	0.7594	69.53	-0.0101	0.0051	13.32	1.26	2.1	2.16		54.52	0.12390000000000001	0.11869999999999999	0.1409	0.1056	0.1931	True	True	True	True	True	True	True	True	True	True	True	True	2026-01-15	65
FNB	6260000000.0	0.0275	0.0104	0.0787	5.71%	0.09		0.34	0.64		0.23070000000000002	0.1924	Jan 20/a	17.47	0.015700000000000002	6690434.0	F.N.B. Corp	Financial	Banks - Regional	USA	12.49	0.94	0.34	-0.0	0.0361	0.1358	-0.025699999999999997	0.6057	55.28	0.0151	0.0006	10.22	0.91	2.37	0.94		10.06	0.0767	0.1418	0.0172	0.11230000000000001	0.11	True	True	True	True	True	True	True	True	True	True	True	True	2026-01-15	65
NYT	11620000000.0	0.0096	0.11960000000000001	0.17629999999999998	17.06%	1.52	1.52	0.0	0.0	0.47409999999999997	0.15839999999999999	0.1229	Nov 05/b	71.57	-0.0025	1189565.0	New York Times Co	Communication Services	Publishing	USA	34.87	1.11	1.1	0.0148	0.0741	0.23260000000000003	-0.008	0.5965	65.49	-0.0031	0.0006	27.2	1.94	4.23	5.88	18.82	21.66	0.1826	0.107	0.1623	0.1401	0.0737	True	True	True	True	True	True	True	True	True	True	True	True	2026-01-15	65
NDAQ	57290000000.0	0.0105	0.053099999999999994	0.1407	7.69%	0.99	0.99	0.76	0.8	0.5462	0.2843	0.19899999999999998	Jan 29/b	100.33	0.0026	2431483.0	Nasdaq Inc	Financial	Financial Data & Stock Exchanges	USA	35.77	1.02	1.65	0.0215	0.0833	0.13849999999999998	-0.0087	0.5473	65.26	-0.0022	0.0048	25.97	1.7	7.01	4.78	82.19	27.31	0.2164	0.1264	0.0453	0.1524	0.1167	True	True	True	True	True	True	True	True	True	True	True	True	2026-01-15	65
PRIM	7970000000.0	0.0021	0.0623	0.1856	11.65%	1.2	1.17	0.46	0.59	0.1103	0.056900000000000006	0.037200000000000004	Nov 03/a	147.51	0.0706	1132443.0	Primoris Services Corp	Industrials	Engineering & Construction	USA	29.15	1.38	5.66	0.1367	0.1603	0.42090000000000005	0.0092	2.0043	70.01	0.053899999999999997	0.0159	25.2	1.2	1.07	4.9	18.23	16.29	0.4193	0.06559999999999999	0.1551	0.2101	0.1543	True	True	True	True	True	True	True	True	True	True	True	True	2026-01-15	65
PNR	17500000000.0	0.009300000000000001	0.0989	0.1797	12.00%	1.46	0.82	0.44	0.45	0.40299999999999997	0.233	0.15839999999999999	Oct 21/b	106.97	0.0278	1558098.0	Pentair plc	Industrials	Specialty Industrial Machinery	United Kingdom	27.14	1.22	2.55	0.0263	0.020099999999999996	0.044000000000000004	-0.0613	0.4407	57.99	0.018600000000000002	0.009000000000000001	19.91	1.86	4.24	4.63	136.33	22.36	0.1318	0.0962	0.12390000000000001	0.10710000000000001	0.0666	True	True	True	True	True	True	True	True	True	True	True	True	2026-01-15	65
WLDN	1980000000.0		0.087	0.1638	12.13%	1.48	1.48	0.21	0.24	0.35340000000000005	0.0688	0.0637	Nov 06/a	133.99	0.037000000000000005	401108.0	Willdan Group Inc	Industrials	Engineering & Construction	USA	48.09	0.97	5.52	0.1761	0.2832	0.6238	0.033	3.4032	76.8	0.0242	0.0125	30.36	1.36	3.03	6.98	59.69	30.36	0.6968000000000001	0.0703	0.3095	0.2234	0.0501	True	True	True	True	True	True	True	True	True	True	True	True	2026-01-15	65
ARES	55430000000.0	0.026600000000000002	0.023700000000000002	0.1864	2.98%	0.5	0.5	2.84	2.84	0.7815000000000001	0.2799	0.0842	Nov 03/b	169.57	-0.0021	1603143.0	Ares Management Corp	Financial	Asset Management	USA	72.24	1.53	4.95	-0.0	0.0441	0.0265	-0.1542	0.5328	51.61	-0.0106	0.0086	25.87	1.02	9.12	8.35	36.95	19.61	0.2626	0.3074	0.1431	0.2532	0.1868	True	True	True	True	True	True	True	True	True	True	True	True	2026-01-15	65
MEDP	17410000000.0		0.2257	0.737	104.92%	0.57	0.57	0.41	0.49	0.299	0.215	0.18359999999999999	Oct 22/a	618.04	0.0026	207074.0	Medpace Holdings Inc	Healthcare	Diagnostics & Research	USA	43.22	1.43	15.95	0.0579	0.06	0.39039999999999997	-0.0131	1.4716999999999998	67.03	-0.0022	0.0048	37.13	2.67	7.38	59.14	61.01	25.72	0.1721	0.1243	0.365	0.1392	0.1962	True	True	True	True	True	True	True	True	True	True	True	True	2026-01-15	65
FSS	7110000000.0	0.0048	0.1284	0.19079999999999997	15.26%	2.61	1.25	0.17	0.18	0.285	0.16079999999999997	0.11470000000000001	Oct 30/b	116.9	0.0052	362971.0	Federal Signal Corp	Industrials	Pollution & Treatment Controls	USA	30.52	1.35	2.74	0.029300000000000003	0.0453	0.0782	-0.12029999999999999	0.7587	60.36	0.0006	0.0046	25.36	1.66	3.46	5.38	130.67	32.36	0.23870000000000002	0.1143	0.1476	0.1523	0.08789999999999999	True	True	True	True	True	True	True	True	True	True	True	True	2026-01-15	65
FN	17830000000.0		0.12890000000000001	0.18059999999999998	17.00%	2.83	2.03	0.0	0.0	0.11869999999999999	0.0942	0.0977	Nov 03/a	497.58	0.043	709247.0	Fabrinet	Technology	Electronic Components	Cayman Islands	51.29	1.04	28.78	0.0613	0.0863	0.4758	-0.0633	2.3496	57.54	-0.008100000000000001	0.0516	31.92	1.4	4.96	8.65	18.4	88.4	0.299	0.18	0.24420000000000003	0.2288	0.158	True	True	True	True	True	True	True	True	True	True	True	True	2026-01-15	65
EBC	4660000000.0	0.0263	0.0019	0.0132	1.26%	0.04		0.03	0.03		0.0842	0.050499999999999996	Jan 22/a	19.56	0.0273	1460779.0	Eastern Bankshares Inc	Financial	Banks - Regional	USA	79.03	0.81	0.45	0.0301	0.051	0.1675	-0.031200000000000002	0.44780000000000003	61.56	0.0246	0.0026	10.17	0.38	4.76	1.09		11.61	0.4497	0.25129999999999997	0.0040999999999999995	0.2661	0.1137	True	True	True	True	True	True	True	True	True	True	True	True	2026-01-15	65
GS	292690000000.0	0.0172	0.009399999999999999	0.13570000000000002	3.80%	1.26		2.35	5.24		0.17149999999999999	0.1251	Jan 15/b	975.86	0.0463	3765894.0	Goldman Sachs Group, Inc	Financial	Capital Markets	USA	19.82	1.33	22.69	0.0639	0.1341	0.34600000000000003	0.0147	1.2209999999999999	69.62	0.0412	0.0049	15.59	1.36	2.31	2.68		5.11	0.0932	0.1161	0.14029999999999998	0.1149	0.18460000000000001	True	True	True	True	True	True	True	True	True	True	True	True	2026-01-15	65
HAFC	864510000.0	0.0374	0.0092	0.0949	7.62%	0.09		0.21	0.29		0.23420000000000002	0.1634	Jan 27/a	28.86	0.023799999999999998	183521.0	Hanmi Financial Corp	Financial	Banks - Regional	USA	12.03	0.75	0.58	0.0334	0.042199999999999994	0.15810000000000002	-0.0204	0.49920000000000003	63.82	0.023799999999999998	0.0	9.64	0.57	1.96	1.11		5.19	0.228	0.18969999999999998	0.1413	0.16870000000000002	0.09480000000000001	True	True	True	True	True	True	True	True	True	True	True	True	2026-01-15	65
ESLT	33460000000.0	0.0036	0.0395	0.1288	9.63%	1.32	0.76	0.18	0.27	0.24230000000000002	0.08039999999999999	0.0591	Nov 18/b	720.43	-0.0002	95717.0	Elbit Systems Ltd	Industrials	Aerospace & Defense	Israel	73.19	0.22	20.2	0.1611	0.33899999999999997	0.5336	-0.0062	1.4597	84.21	0.0165	-0.0165	53.47	1.81	4.33	8.32	45.48	44.52	0.4778	0.2698	0.0666	0.29510000000000003	0.0867	True	True	False	True	True	True	True	True	True	True	True	True	2026-01-15	65
KEYS	36850000000.0		0.08449999999999999	0.1582	9.83%	2.33	1.66	0.46	0.47	0.6223	0.1968	0.1574	Nov 24/a	214.5	0.024399999999999998	1440211.0	Keysight Technologies Inc	Technology	Scientific & Technical Instruments	USA	43.91	1.2	4.84	0.0377	0.0833	0.2585	-0.0004	0.7664	64.88	0.0011	0.0233	23.22	1.88	6.86	6.24	19.52	28.77	0.1288	0.1427	0.0817	0.1234	0.0495	True	True	True	True	True	True	True	True	True	True	True	True	2026-01-15	65
JLL	16710000000.0		0.0361	0.09140000000000001	7.05%	1.1	1.1	0.25	0.49	0.9895999999999999	0.0409	0.024900000000000002	Nov 05/b	354.01	0.04190000000000001	341413.0	Jones Lang Lasalle Inc	Real Estate	Real Estate Services	USA	27.14	1.43	8.89	0.030299999999999997	0.0843	0.2637	-0.0072	0.8214	61.91	0.0319	0.0096	17.37	0.95	0.66	2.33	38.95	15.93	0.24109999999999998	0.1723	0.0078000000000000005	0.18289999999999998	0.054400000000000004	True	True	True	True	True	True	True	True	True	True	True	True	2026-01-15	60
JNJ	529010000000.0	0.0236	0.1354	0.3362	21.16%	1.07	0.8	0.5	0.58	0.6827	0.2579	0.2726	Jan 21/b	219.57	0.004699999999999999	8398973.0	Johnson & Johnson	Healthcare	Drug Manufacturers - General	USA	21.19	0.34	3.72	0.053	0.07690000000000001	0.2459	0.0032	0.5517	71.61	0.0060999999999999995	-0.0015	19.11	2.54	5.74	6.66	28.5	26.99	0.084	0.0622	0.0055000000000000005	0.07519999999999999	0.0158	True	True	True	True	True	True	True	True	True	True	True	True	2026-01-15	60
FBP	3390000000.0	0.0336	0.0175	0.1843	15.74%	0.08		0.1	0.15		0.3246	0.267	Jan 27/b	21.44	0.02	1038596.0	First Bancorp PR	Financial	Banks - Regional	USA	10.42	0.87	0.46	0.009300000000000001	0.0397	0.0371	-0.051500000000000004	0.3073	56.83	0.024399999999999998	-0.0043	10.16	1.21	2.71	1.78		7.97	0.15990000000000001	0.0049	0.18969999999999998	0.08410000000000001	0.1047	True	True	True	True	True	True	True	True	True	True	True	True	2026-01-15	60
AIZ	11890000000.0	0.013500000000000002	0.0301	0.15410000000000001	11.07%	2.3		0.33	0.38		0.0926	0.0675	Nov 04/a	237.45	-0.0023	340116.0	Assurant Inc	Financial	Insurance - Property & Casualty	USA	14.45	0.56	4.22	-0.0060999999999999995	0.029500000000000002	0.135	-0.0259	0.35710000000000003	54.68	-0.0029	0.0006	11.48	1.12	0.95	2.07		11.64	0.1759	0.0571	0.19879999999999998	0.10210000000000001	0.0335	True	True	True	True	True	True	True	True	True	True	True	True	2026-01-15	60
CHEF	2630000000.0		0.0404	0.1412	5.02%	2.14	1.19	1.58	1.65	0.2422	0.035699999999999996	0.018500000000000003	Oct 29/b	64.55	0.0712	1003740.0	Chefs' Warehouse Inc	Consumer Defensive	Food Distribution	USA	37.33	1.3	2.37	0.0339	0.0509	0.056299999999999996	-0.0637	0.43439999999999995	60.99	0.07139999999999999	-0.0002	30.03	1.54	0.65	4.55	40.37	30.31	0.2686	0.1525	0.1023	0.1948	0.18969999999999998	True	True	True	True	True	True	True	True	True	True	True	True	2026-01-15	60
FIVE	10920000000.0		0.06860000000000001	0.1727	8.48%	1.6	0.59	0.86	1.03	0.3136	0.0888	0.0696	Dec 03/a	198.04	0.003	904570.0	Five Below Inc	Consumer Cyclical	Specialty Retail	USA	35.56	1.14	6.35	0.0292	0.13970000000000002	0.4411	-0.035	2.7807999999999997	63.29	-0.016	0.019299999999999998	29.73	1.99	2.47	5.6	20.83	33.82	0.2241	0.0796	0.0809	0.1492	0.15990000000000001	True	True	True	True	True	True	True	True	True	True	True	True	2026-01-15	60
ADI	147920000000.0	0.0138	0.0471	0.06570000000000001	5.37%	2.19	1.68	0.25	0.26	0.5468	0.2727	0.20579999999999998	Nov 25/b	302.1	0.0138	4072211.0	Analog Devices Inc	Technology	Semiconductors	USA	66.12	1.03	6.78	0.0645	0.1373	0.2773	-0.0036	0.9042	71.16	0.001	0.0128	26.56	1.38	13.42	4.37	40.5	34.57	0.2766	0.1438	0.0682	0.192	0.1449	True	True	True	True	True	True	True	True	True	True	True	True	2026-01-15	60
HASI	4330000000.0	0.0492	0.041100000000000005	0.1258	3.95%	10.28	10.28	1.97	1.97	1.0	0.6142	0.7902	Nov 06/a	34.36	0.0187	839963.0	HA Sustainable Infrastructure Capital Inc	Financial	Asset Management	USA	14.95	1.46	0.88	0.0463	0.0478	0.2016	-0.0078000000000000005	0.5631	63.03	0.0178	0.0009	11.7	1.22	11.19	1.66	13.59		0.0981	0.0913	0.055	0.0958	0.2206	True	True	True	True	True	True	True	True	True	True	True	True	2026-01-15	60
HII	16440000000.000002	0.0129	0.0487	0.12390000000000001	7.19%	1.14	1.06	0.59	0.59	0.1252	0.044800000000000006	0.047400000000000005	Oct 30/b	418.86	0.0084	859283.0	Huntington Ingalls Industries Inc	Industrials	Aerospace & Defense	USA	28.94	0.34	13.02	0.1523	0.2548	0.534	-0.0147	1.6362999999999999	80.44	0.018600000000000002	-0.01	23.87	1.73	1.37	3.3	52.68	29.62	0.0874	0.1561	0.0103	0.1379	0.0533	True	True	True	True	True	True	True	True	True	True	True	True	2026-01-15	60
AKAM	13170000000.0		0.0482	0.10640000000000001	5.24%	2.22	2.22	1.05	1.11	0.5489	0.154	0.1226	Nov 06/a	91.53	0.0097	3012717.0	Akamai Technologies Inc	Technology	Software - Infrastructure	USA	26.84	0.7	2.48	0.0346	0.0529	0.1514	-0.11779999999999999	0.3558	59.7	0.01	-0.0003	12.57	1.74	3.19	2.78	11.77	18.33	0.0868	0.0336	0.0241	0.0723	0.0664	True	True	True	True	True	True	True	True	True	True	True	True	2026-01-15	55
VMC	39870000000.0	0.006500000000000001	0.0718	0.1356	8.22%	2.23	1.56	0.56	0.56	0.2823	0.2125	0.1419	Oct 30/b	301.71	0.0108	818531.0	Vulcan Materials Co	Basic Materials	Building Materials	USA	35.86	1.07	7.31	0.019799999999999998	0.0305	0.0794	-0.037200000000000004	0.4028	54.05	0.0003	0.0106	30.7	2.1	5.06	4.56	204.23	37.8	0.1176	0.1679	0.0815	0.1464	0.0852	True	True	True	True	True	True	True	True	True	True	True	True	2026-01-15	55
WWD	20120000000.0	0.0036	0.0983	0.1864	14.53%	2.08	1.36	0.19	0.28	0.2681	0.1405	0.12390000000000001	Nov 24/a	336.0	0.0143	325045.0	Woodward Inc	Industrials	Aerospace & Defense	USA	46.71	1.0	8.28	0.0663	0.1425	0.3592	0.013999999999999999	1.2885	71.25	0.0054	0.0089	35.47	2.04	5.64	7.84	61.44	59.1	0.1666	0.1784	0.13949999999999999	0.1736	0.0741	True	True	True	True	True	True	True	True	True	True	True	True	2026-01-15	55
HEI	42970000000.0	0.0007000000000000001	0.0827	0.1739	10.48%	2.83	1.28	0.53	0.54	0.4253	0.22440000000000002	0.1539	Dec 18/a	358.04	0.0163	382520.0	Heico Corp	Industrials	Aerospace & Defense	USA	73.01	1.01	8.15	0.059000000000000004	0.1069	0.1693	-0.0101	0.6524	70.45	0.004	0.0123	58.14	4.8	9.58	11.59	197.32	49.89	0.1202	0.12179999999999999	0.1648	0.1211	0.2021	True	True	True	True	True	True	True	True	True	True	True	True	2026-01-15	55
HEI-A	43020000000.0	0.0009	0.0827	0.1739	10.48%	2.83	1.28	0.53	0.54	0.4253	0.22440000000000002	0.1539	Dec 18/a	276.13	0.0174	257637.0	Heico Corp	Industrials	Aerospace & Defense	USA	56.31	1.06	6.21	0.052199999999999996	0.0958	0.14859999999999998	-0.0126	0.5795	69.71	0.012199999999999999	0.0052	44.91	3.76	9.59	8.94	197.53	49.94	0.11900000000000001	0.12140000000000001	0.1648	0.1195	0.2021	True	True	True	True	True	True	True	True	True	True	True	True	2026-01-15	55
HAYW	3630000000.0		0.04650000000000001	0.09519999999999999	5.47%	3.18	2.31	0.66	0.67	0.4877	0.20929999999999999	0.12539999999999998	Oct 29/b	16.74	0.014499999999999999	1289310.0	Hayward Holdings Inc	Industrials	Electrical Equipment & Parts	USA	26.94	1.13	0.38	0.0452	0.0482	0.1199	-0.0558	0.5081	64.68	0.016399999999999998	-0.0018	19.79	1.59	3.3	2.39	8.1	18.99	0.1361	0.11130000000000001	2.0016	0.1241	0.0747	True	True	True	True	True	True	True	True	True	True	True	True	2026-01-15	55
RY	237100000000.0	0.0285	0.009000000000000001	0.1528	9.68%	0.64		0.48	2.52		0.17859999999999998	0.1461	Dec 03/b	169.33	0.0043	539667.0	Royal Bank Of Canada	Financial	Banks - Diversified	Canada	16.83	0.79	1.86	-0.0031	0.0567	0.21239999999999998	-0.0302	0.5959	59.53	0.0028000000000000004	0.0015	13.65	1.46	2.44	2.61		16.92	0.0885	0.10189999999999999	0.11560000000000001	0.09359999999999999	0.168	True	True	True	True	True	True	True	True	True	True	True	True	2026-01-15	55
TTMI	10430000000.0		0.037000000000000005	0.0812	4.86%	1.94	1.66	0.6	0.61	0.19269999999999998	0.0843	0.047400000000000005	Oct 29/a	100.9	0.0454	3681204.0	TTM Technologies Inc	Technology	Electronic Components	USA	80.42	1.74	6.03	0.3589	0.42200000000000004	1.0903	-0.0029	5.3964	77.23	0.0118	0.0332	34.35	1.21	3.75	6.13	21.23	291.23	0.4254	0.2051	0.0684	0.2844	0.0275	True	True	True	True	True	True	True	True	True	True	True	True	2026-01-15	55
ATMU	4660000000.0	0.0037	0.156	0.7152	22.00%	2.14	1.41	1.69	1.84	0.2853	0.15839999999999999	0.1157	Nov 07/b	57.21	0.028999999999999998	541924.0	Atmus Filtration Technologies Inc	Consumer Cyclical	Auto Parts	USA	23.82	1.57	1.39	0.0638	0.1142	0.33990000000000004	0.0077	0.8491	71.72	0.02	0.0088	20.53	2.63	2.7	13.51	21.36	36.54	0.0529	0.058499999999999996	0.0668	0.078	0.0788	True	True	True	True	True	True	True	True	True	True	True	True	2026-01-15	55
UVSP	954790000.0	0.0259	0.0104	0.09609999999999999	6.73%	0.16		0.38	0.4		0.2113	0.16949999999999998	Jan 28/a	33.53	0.0232	184025.0	Univest Financial Corp	Financial	Banks - Regional	USA	11.22	0.68	0.76	0.0083	0.0337	0.0987	-0.0593	0.46869999999999995	55.81	0.0232	0.0	10.61	1.02	1.86	1.03		10.34	0.1848	0.0338	0.0291	0.1038	0.1244	True	True	True	True	True	True	True	True	True	True	True	True	2026-01-15	55
JHG	7150000000.0	0.0335	0.0702	0.111	10.10%	4.02	4.02	0.08	0.08	0.7663	0.2914	0.188	Oct 30/b	47.89	-0.0046	864030.0	Janus Henderson Group plc	Financial	Asset Management	United Kingdom	14.09	1.53	0.51	0.009399999999999999	0.0576	0.1597	-0.031	0.6945999999999999	66.05	-0.0054	0.0008	11.01	1.12	2.58	1.55	2.86	11.29	0.1366	0.08439999999999999	0.0304	0.0987	0.0275	True	True	True	True	True	True	True	True	True	True	True	True	2026-01-15	55
TCMD	681010000.0		0.0664	0.08800000000000001	8.31%	3.61	3.2	0.07	0.08	0.7415999999999999	0.0739	0.0583	Nov 03/a	30.49	0.0163	462202.0	Tactile Systems Technology Inc	Healthcare	Medical Devices	USA	39.36	0.96	1.09	0.028399999999999998	0.1168	0.9063	-0.0206	2.5413	63.12	0.0174	-0.001	29.89	1.32	2.19	3.32	10.32	17.23	0.1374	0.2812	0.046900000000000004	0.22579999999999997	0.0911	True	True	True	True	True	True	True	True	True	True	True	True	2026-01-15	55
DRS	11240000000.0	0.008	0.0654	0.1035	8.64%	2.0	1.63	0.16	0.18	0.2281	0.0967	0.07429999999999999	Oct 29/b	42.26	0.0203	1174376.0	Leonardo DRS Inc	Industrials	Aerospace & Defense	USA	42.86	0.45	1.23	0.1547	0.2004	0.052199999999999996	-0.14300000000000002	0.5002	80.09	0.0139	0.0063	33.65	2.31	3.15	4.25	36.38	42.42	0.17679999999999998	0.1476	0.09	0.1459	0.035699999999999996	True	True	True	True	True	True	True	True	True	True	True	True	2026-01-15	50
AMTM	8430000000.0		0.005600000000000001	0.0147	0.77%	1.32	1.32	0.9	0.92	0.0718	0.0349	0.0046	Nov 24/a	34.58	-0.0006	1489362.0	Amentum Holdings Inc	Industrials	Specialty Business Services	USA	127.32	-0.01	1.0	0.1125	0.2324	0.4353	-0.01	1.1599	77.01	-0.0077	0.0072	12.58	1.11	0.59	1.87	19.29	16.33	0.08109999999999999	0.14529999999999998	1.9257	0.1133	0.2504	True	True	True	True	True	True	True	True	True	True	True	True	2026-01-15	50
AIR	4179999999.9999995		0.030899999999999997	0.06860000000000001	3.61%	2.84	1.31	0.67	0.67	0.1929	0.0951	0.0317	Jan 06/a	105.74	0.0461	482072.0	AAR Corp	Industrials	Aerospace & Defense	USA	41.14	1.23	3.3	0.1833	0.24710000000000001	0.4255	0.0424	1.2734999999999999	83.19	0.0434	0.0026	19.18	1.08	1.41	2.68	43.5		0.2059	0.16899999999999998	0.2323	0.177	0.060599999999999994	True	True	True	True	True	True	True	True	True	True	True	True	2026-01-15	50
AXGN	1440000000.0		-0.0103	-0.019	-1.13%	4.09	2.64	0.54	0.56	0.7476	0.0179	-0.0098	Oct 29/b	31.22	0.013600000000000001	639741.0	Axogen Inc	Healthcare	Medical Devices	USA		0.99	1.54	-0.0291	0.07	0.7188	-0.10039999999999999	2.388	51.04	0.013999999999999999	-0.0003	64.19	0.79	6.71	11.92	36.19	431.12	1.2378	0.672	0.21239999999999998	0.8096	0.1191	True	True	True	True	True	True	True	True	True	True	True	True	2026-01-15	50
FDX	73630000000.0	0.0195	0.0496	0.15869999999999998	6.94%	1.27	1.23	1.22	1.34	0.2205	0.0708	0.0481	Dec 18/a	313.16	-0.0012	1891819.0	Fedex Corp	Industrials	Integrated Freight & Logistics	USA	17.27	1.34	6.19	0.0462	0.1115	0.299	-0.0178	0.6118	75.29	-0.009000000000000001	0.0078000000000000005	14.82	1.68	0.82	2.62	10.9	16.93	0.0216	0.1369	0.2797	0.0882	0.049	True	True	True	True	True	True	True	True	True	True	True	True	2026-01-15	50
UBSI	5790000000.0	0.0361	0.013600000000000001	0.0824	7.38%	0.12		0.07	0.15		0.3085	0.2432	Oct 23/b	41.23	0.0173	835577.0	United Bankshares, Inc	Financial	Banks - Regional	USA	13.53	0.79	0.82	0.038900000000000004	0.0774	0.1226	0.008100000000000001	0.35159999999999997	67.83	0.018000000000000002	-0.0007000000000000001	12.11	1.21	3.28	1.07		12.03	0.1709	0.0571	0.015600000000000001	0.09970000000000001	0.1233	True	True	True	True	True	True	True	True	True	True	True	True	2026-01-15	50
FTRE	1470000000.0		-0.3208	-0.9813	-60.47%	1.0	1.0	1.9	2.04	0.1573	-0.024399999999999998	-0.369	Nov 05/b	15.96	-0.0483	1339648.0	Fortrea Holdings Inc	Healthcare	Biotechnology	USA		1.57	1.07	-0.0745	0.1069	0.7875	-0.16	3.0202	46.93	-0.0374	-0.0113	20.72	0.45	0.53	2.53	11.23		0.5403	0.5154	0.0394	0.4633	0.0111	True	True	True	True	True	True	True	True	True	True	True	True	2026-01-15	50
IBKR	32810000000.000004	0.0042	0.0053	0.19820000000000002	17.59%	1.04	1.04	0.02	5.49	0.9470000000000001	0.8579000000000001	0.0906	Jan 20/a	73.68	0.0327	6756908.0	Interactive Brokers Group Inc	Financial	Capital Markets	USA	35.5	1.24	2.02	0.0849	0.10490000000000001	0.23190000000000002	0.0045000000000000005	1.245	68.29	0.022099999999999998	0.0104	31.18	2.18	3.24	6.43	0.35	1.2	0.2114	0.11	0.2701	0.1427	0.2889	True	True	True	True	True	True	True	True	True	True	True	True	2026-01-15	50
WMT	950040000000.0	0.0078000000000000005	0.083	0.2487	15.26%	0.8	0.24	0.56	0.71	0.239	0.0412	0.0326	Nov 20/b	119.2	-0.006999999999999999	34527716.0	Walmart Inc	Consumer Defensive	Discount Stores	USA	41.81	0.66	2.28	0.0432	0.07769999999999999	0.1739	-0.0168	0.4935	66.43	-0.0067	-0.0003	40.13	4.11	1.35	9.89	89.78	62.24	0.050199999999999995	0.1268	0.0682	0.09759999999999999	0.0538	True	True	True	True	True	True	True	True	True	True	True	True	2026-01-15	50
MOG-A	9810000000.0	0.0040999999999999995	0.0547	0.1209	7.50%	2.12	1.3	0.56	0.57	0.26289999999999997	0.10769999999999999	0.0603	Nov 21/b	293.04	0.0286	199475.0	Moog, Inc	Industrials	Aerospace & Defense	USA	40.34	0.95	6.32	0.1346	0.24710000000000001	0.4664	0.0268	1.0397	86.61	0.0253	0.0032	26.01	2.09	2.54	4.66	157.69	76.43	0.1433	0.134	0.9276000000000001	0.1243	0.06	True	True	True	True	True	True	True	True	True	True	True	True	2026-01-15	50
WRBY	3460000000.0		0.0011	0.002	0.13%	2.58	2.23	0.55	0.63	0.5236999999999999	-0.0087	0.0008	Nov 06/b	28.33	-0.016	2322728.0	Warby Parker Inc	Healthcare	Medical Instruments & Supplies	USA	7455.26	2.06	1.7	0.0943	0.2642	0.2808	-0.0861	1.0785	61.08	-0.0077	-0.0083	57.21	2.03	4.07	9.36	12.34	91.58	0.2005	0.344	0.1999	0.282	0.158	True	True	True	True	True	True	True	True	True	True	True	True	2026-01-15	45
MS	303920000000.0	0.022099999999999998	0.0123	0.1515	3.52%	1.56		3.02	3.92		0.152	0.1376	Jan 15/b	191.23	0.057800000000000004	12944557.0	Morgan Stanley	Financial	Capital Markets	USA	19.63	1.19	4.03	0.051500000000000004	0.0992	0.2924	0.0128	1.0272	66.25	0.0432	0.013999999999999999	15.97	2.07	2.69	3.04		29.38	0.0552	0.11130000000000001	0.0889	0.0771	0.1475	True	True	True	True	True	True	True	True	True	True	True	True	2026-01-15	45
NDSN	15180000000.0	0.0124	0.08130000000000001	0.16210000000000002	10.10%	1.64	1.05	0.58	0.69	0.5516	0.2594	0.17350000000000002	Dec 10/a	271.91	0.020099999999999996	475156.0	Nordson Corp	Industrials	Specialty Industrial Machinery	USA	31.91	1.01	4.63	0.08960000000000001	0.1315	0.23440000000000003	0.0184	0.6476000000000001	84.85	0.0147	0.0054	22.38	2.69	5.44	5.0	139.98	22.96	0.1015	0.0774	0.1481	0.08310000000000001	0.0565	True	True	True	True	True	True	True	True	True	True	True	True	2026-01-15	45
STE	26330000000.0	0.0092	0.0668	0.1014	7.69%	2.37	1.63	0.29	0.29	0.44520000000000004	0.18600000000000003	0.12179999999999999	Nov 05/a	268.26	0.0152	488638.0	Steris Plc	Healthcare	Medical Devices	Ireland	38.18	1.03	5.5	0.0436	0.0385	0.10800000000000001	-0.0013	0.30920000000000003	65.67	0.0151	0.0001	24.09	2.52	4.62	3.75	82.48	27.46	0.09380000000000001	0.0911	0.0592	0.09570000000000001	0.1249	True	True	True	True	True	True	True	True	True	True	True	True	2026-01-15	45
CAE	10660000000.0		0.0401	0.09	5.30%	0.83	0.59	0.61	0.66	0.28059999999999996	0.1283	0.0898	Nov 11/a	33.15	0.0079	471551.0	Cae Inc	Industrials	Aerospace & Defense	Canada	34.27	1.12	0.65	0.051100000000000007	0.1475	0.2089	-0.0098	0.6282	71.42	0.0052	0.0027	30.73	2.36	3.08	2.91	83.0	25.88	0.013500000000000002	0.2278	0.0075	0.13019999999999998	0.044500000000000005	True	True	True	True	True	True	True	True	True	True	True	True	2026-01-15	40
HCA	110400000000.0	0.0059	0.10640000000000001		18.18%	0.85	0.76			0.1564	0.1564	0.08529999999999999	Jan 27/b	483.8	0.0104	1079463.0	HCA Healthcare Inc	Healthcare	Medical Care Facilities	USA	18.7	1.37	10.74	0.019299999999999998	0.0083	0.18530000000000002	-0.0696	0.64	55.39	0.0105	-0.0001	16.34	1.14	1.48		101.19	13.64	0.26039999999999996	0.0701	0.1693	0.14300000000000002	0.0658	True	True	True	True	True	True	True	True	True	True	True	True	2026-01-15	40
MCK	104190000000.0	0.0034000000000000002	0.051500000000000004		66.90%	0.88	0.5			0.032400000000000005	0.0124	0.0104	Feb 04/a	844.13	0.012	618537.0	Mckesson Corporation	Healthcare	Medical Distribution	USA	26.28	0.41	16.32	0.025	0.012	0.1307	-0.0574	0.4796	61.59	0.0141	-0.0021	19.25	1.31	0.27		25.36	16.39	0.1782	0.1263	0.3907	0.1467	0.0922	True	True	True	True	True	True	True	True	True	True	True	True	2026-01-15	40
HLT	70160000000.0	0.002	0.0999		22.55%	0.66	0.66			0.2637	0.21989999999999998	0.1419	Oct 22/b	301.86	0.0058	2218584.0	Hilton Worldwide Holdings Inc	Consumer Cyclical	Lodging	USA	43.74	1.13	5.31	0.026600000000000002	0.07	0.151	-0.0051	0.5398	66.16	-0.0095	0.0154	33.1	2.44	5.98		62.31	29.37	0.1336	0.1297	0.15109999999999998	0.1354	0.034	True	True	True	True	True	True	True	True	True	True	True	True	2026-01-15	35
MAR	87430000000.0	0.008	0.0966		21.38%	0.47	0.47			0.1986	0.15960000000000002	0.1007	Nov 04/b	325.79	0.0191	2121438.0	Marriott International, Inc	Consumer Cyclical	Lodging	USA	34.41	1.13	6.85	0.0286	0.0774	0.20149999999999998	-0.016	0.5861	63.69	0.009300000000000001	0.0097	28.7	2.68	3.37		128.95	45.37	0.0805	0.12619999999999998	0.1702	0.107	0.0366	True	True	True	True	True	True	True	True	True	True	True	True	2026-01-15	35
NPCE	577880000.0		-0.2357	-1.6927	-27.37%	4.86	3.94	3.73	3.84	0.7676999999999999	-0.19210000000000002	-0.2528	Nov 04/a	17.35	0.0358	204588.0	NeuroPace Inc	Healthcare	Medical Devices	USA		1.86	0.91	0.0689	0.1288	0.4461	-0.08560000000000001	1.2941999999999998	62.79	0.0358	0.0			6.09	31.18	9.63		0.196	0.1603	0.0583	0.3186	0.16670000000000001	True	True	True	True	True	True	True	True	True	True	True	True	2026-01-15	20
REZI	5690000000.0		-0.0784	-0.209	-11.11%	1.88	1.07	1.25	1.28	0.2752	0.08410000000000001	-0.0932	Nov 05/a	38.0	0.0034000000000000002	1450114.0	Resideo Technologies Inc	Industrials	Industrial Distribution	USA		1.74	1.33	0.0537	0.1065	0.2844	-0.161	1.6798	62.8	-0.0063	0.0098	13.6	1.56	0.77	2.48	16.49		0.1572	0.054299999999999994	0.1589	0.087	0.06269999999999999	True	True	True	True	True	True	True	True	True	True	True	True	2026-01-15	20
